text,language,source,date_collected
"Hello, how are you doing today?",english,manual_collection,15/03/2026
Good morning! I hope you had a good night.,english,manual_collection,15/03/2026
"Hi there, it's nice to meet you.",english,manual_collection,15/03/2026
"Good evening, how was your day?",english,manual_collection,15/03/2026
"Hey, long time no see! How have you been?",english,manual_collection,15/03/2026
"My name is John, and I'm from Nairobi.",english,manual_collection,15/03/2026
I'm pleased to meet you. Where are you from?,english,manual_collection,15/03/2026
Welcome to our home. Please come in.,english,manual_collection,15/03/2026
I went to the market to buy some vegetables.,english,manual_collection,15/03/2026
"The weather is very nice today, isn't it?",english,manual_collection,15/03/2026
Can you help me carry these bags?,english,manual_collection,15/03/2026
I need to go to the bank before it closes.,english,manual_collection,15/03/2026
What time does the bus usually arrive?,english,manual_collection,15/03/2026
I'm feeling a bit tired after work today.,english,manual_collection,15/03/2026
Let's meet for coffee tomorrow morning.,english,manual_collection,15/03/2026
The food at that restaurant is delicious.,english,manual_collection,15/03/2026
I'll call you when I get home.,english,manual_collection,15/03/2026
Please wait for me at the entrance.,english,manual_collection,15/03/2026
Where is the nearest supermarket?,english,manual_collection,15/03/2026
How much does this cost?,english,manual_collection,15/03/2026
Do you know what time it is?,english,manual_collection,15/03/2026
Can you tell me how to get to town?,english,manual_collection,15/03/2026
What is your favorite type of food?,english,manual_collection,15/03/2026
When is your birthday?,english,manual_collection,15/03/2026
How long have you lived here?,english,manual_collection,15/03/2026
Why did you decide to learn English?,english,manual_collection,15/03/2026
I work at a technology company in the city.,english,manual_collection,15/03/2026
She studies at the University of Nairobi.,english,manual_collection,15/03/2026
They live in a small apartment near the park.,english,manual_collection,15/03/2026
We usually eat dinner together as a family.,english,manual_collection,15/03/2026
He drives to work every morning.,english,manual_collection,15/03/2026
The children play football after school.,english,manual_collection,15/03/2026
I read the news on my phone every morning.,english,manual_collection,15/03/2026
She listens to music while cooking.,english,manual_collection,15/03/2026
I think this movie is very interesting.,english,manual_collection,15/03/2026
I feel happy when I'm with my friends.,english,manual_collection,15/03/2026
That's a great idea! Let's do it.,english,manual_collection,15/03/2026
I'm not sure about that plan.,english,manual_collection,15/03/2026
I completely agree with what you said.,english,manual_collection,15/03/2026
"I'm sorry, I can't make it to the party.",english,manual_collection,15/03/2026
That sounds like a wonderful experience.,english,manual_collection,15/03/2026
I'm looking forward to the weekend.,english,manual_collection,15/03/2026
The house has a beautiful garden with flowers.,english,manual_collection,15/03/2026
My car is blue and quite old but reliable.,english,manual_collection,15/03/2026
She's wearing a nice red dress today.,english,manual_collection,15/03/2026
The weather is cold and rainy this morning.,english,manual_collection,15/03/2026
It's a sunny day with clear blue skies.,english,manual_collection,15/03/2026
The food smells delicious. What are you cooking?,english,manual_collection,15/03/2026
Could you please pass me the salt?,english,manual_collection,15/03/2026
Would you like some tea or coffee?,english,manual_collection,15/03/2026
Can I help you with anything?,english,manual_collection,15/03/2026
Please send me the document by email.,english,manual_collection,15/03/2026
Would you mind opening the window?,english,manual_collection,15/03/2026
"I'd like to order a cup of coffee, please.",english,manual_collection,15/03/2026
The meeting starts at 10 o'clock tomorrow.,english,manual_collection,15/03/2026
We're going to the beach this weekend.,english,manual_collection,15/03/2026
I have a doctor's appointment next week.,english,manual_collection,15/03/2026
She's planning to visit her parents soon.,english,manual_collection,15/03/2026
They're getting married next month.,english,manual_collection,15/03/2026
I'll finish this project by Friday.,english,manual_collection,15/03/2026
I'll send you a message on WhatsApp.,english,manual_collection,15/03/2026
My phone battery is almost dead.,english,manual_collection,15/03/2026
The internet connection is very slow today.,english,manual_collection,15/03/2026
Have you seen my charger anywhere?,english,manual_collection,15/03/2026
I need to check my email quickly.,english,manual_collection,15/03/2026
Can you take a photo with my phone?,english,manual_collection,15/03/2026
How much is this shirt?,english,manual_collection,15/03/2026
Do you accept credit cards?,english,manual_collection,15/03/2026
"I'm just looking around, thank you.",english,manual_collection,15/03/2026
That's too expensive for me.,english,manual_collection,15/03/2026
Is there a discount on this item?,english,manual_collection,15/03/2026
I'd like to return this product.,english,manual_collection,15/03/2026
I have a headache. Do you have any medicine?,english,manual_collection,15/03/2026
You should drink plenty of water.,english,manual_collection,15/03/2026
I need to exercise more often.,english,manual_collection,15/03/2026
She went to see a doctor yesterday.,english,manual_collection,15/03/2026
Get well soon! We miss you at work.,english,manual_collection,15/03/2026
I'm learning how to speak English.,english,manual_collection,15/03/2026
She's studying to become a teacher.,english,manual_collection,15/03/2026
The exam was more difficult than I expected.,english,manual_collection,15/03/2026
I need to finish my homework before tomorrow.,english,manual_collection,15/03/2026
He graduated from university last year.,english,manual_collection,15/03/2026
How long does it take to get to Mombasa?,english,manual_collection,15/03/2026
I prefer traveling by train.,english,manual_collection,15/03/2026
The traffic is terrible during rush hour.,english,manual_collection,15/03/2026
We need to book our tickets in advance.,english,manual_collection,15/03/2026
Is this seat taken?,english,manual_collection,15/03/2026
What time is the next bus to town?,english,manual_collection,15/03/2026
It's raining heavily outside.,english,manual_collection,15/03/2026
The sun is shining brightly today.,english,manual_collection,15/03/2026
I think it might snow in the mountains.,english,manual_collection,15/03/2026
The wind is very strong this evening.,english,manual_collection,15/03/2026
What's the weather forecast for tomorrow?,english,manual_collection,15/03/2026
I have two brothers and one sister.,english,manual_collection,15/03/2026
My mother is a teacher at a local school.,english,manual_collection,15/03/2026
We're having a family gathering on Sunday.,english,manual_collection,15/03/2026
She's my best friend from childhood.,english,manual_collection,15/03/2026
Do you have any children?,english,manual_collection,15/03/2026
My father works as a farmer.,english,manual_collection,15/03/2026
What do you do for a living?,english,manual_collection,15/03/2026
I work as a software developer.,english,manual_collection,15/03/2026
She got promoted to manager last month.,english,manual_collection,15/03/2026
I'm looking for a new job opportunity.,english,manual_collection,15/03/2026
The company is hiring new staff.,english,manual_collection,15/03/2026
I enjoy reading books in my free time.,english,manual_collection,15/03/2026
She loves watching football matches.,english,manual_collection,15/03/2026
We go hiking every weekend.,english,manual_collection,15/03/2026
He plays the guitar in a band.,english,manual_collection,15/03/2026
I'm interested in learning photography.,english,manual_collection,15/03/2026
I need help! There's been an accident.,english,manual_collection,15/03/2026
Please call an ambulance immediately.,english,manual_collection,15/03/2026
Where is the nearest hospital?,english,manual_collection,15/03/2026
I've lost my passport. What should I do?,english,manual_collection,15/03/2026
Someone stole my phone on the bus.,english,manual_collection,15/03/2026
Why do she hate art?,english,manual_collection,15/03/2026
The teacher think to food at night.,english,manual_collection,15/03/2026
They understand to coffee often.,english,manual_collection,15/03/2026
I want art rarely.,english,manual_collection,15/03/2026
Why do i prefer movies?,english,manual_collection,15/03/2026
I prefer music rarely.,english,manual_collection,15/03/2026
Why do she think books?,english,manual_collection,15/03/2026
They enjoy books often.,english,manual_collection,15/03/2026
Everyone enjoy music at night.,english,manual_collection,15/03/2026
They enjoy movies rarely.,english,manual_collection,15/03/2026
Why do we love nature?,english,manual_collection,15/03/2026
Do you enjoy art?,english,manual_collection,15/03/2026
Why do my friend believe sports?,english,manual_collection,15/03/2026
He understand to nature rarely.,english,manual_collection,15/03/2026
Do you need nature?,english,manual_collection,15/03/2026
I love sports tomorrow.,english,manual_collection,15/03/2026
Why do i believe food?,english,manual_collection,15/03/2026
Do you love food?,english,manual_collection,15/03/2026
Do you love travel?,english,manual_collection,15/03/2026
Do you understand books?,english,manual_collection,15/03/2026
The teacher understand nature today.,english,manual_collection,15/03/2026
Do you like tea?,english,manual_collection,15/03/2026
Why do i enjoy coffee?,english,manual_collection,15/03/2026
Everyone understand music every day.,english,manual_collection,15/03/2026
Why do my friend believe travel?,english,manual_collection,15/03/2026
Why do she believe movies?,english,manual_collection,15/03/2026
Do you need music?,english,manual_collection,15/03/2026
Do you think coffee?,english,manual_collection,15/03/2026
She hate to food often.,english,manual_collection,15/03/2026
They understand to tea today.,english,manual_collection,15/03/2026
Why do i need tea?,english,manual_collection,15/03/2026
Do you prefer tea?,english,manual_collection,15/03/2026
The children believe to art in the morning.,english,manual_collection,15/03/2026
They love music tomorrow.,english,manual_collection,15/03/2026
My friend think to sports every day.,english,manual_collection,15/03/2026
The children need travel rarely.,english,manual_collection,15/03/2026
Do you need sports?,english,manual_collection,15/03/2026
Do you love travel?,english,manual_collection,15/03/2026
Why do she enjoy music?,english,manual_collection,15/03/2026
You love to movies sometimes.,english,manual_collection,15/03/2026
Do you like movies?,english,manual_collection,15/03/2026
The children enjoy coffee at night.,english,manual_collection,15/03/2026
Why do they understand travel?,english,manual_collection,15/03/2026
Why do she like movies?,english,manual_collection,15/03/2026
Do you need movies?,english,manual_collection,15/03/2026
He like to sports rarely.,english,manual_collection,15/03/2026
Do you love food?,english,manual_collection,15/03/2026
You like to music tomorrow.,english,manual_collection,15/03/2026
Why do you enjoy books?,english,manual_collection,15/03/2026
We enjoy nature tomorrow.,english,manual_collection,15/03/2026
We think to coffee rarely.,english,manual_collection,15/03/2026
Do you need music?,english,manual_collection,15/03/2026
Why do they believe food?,english,manual_collection,15/03/2026
He hate to coffee sometimes.,english,manual_collection,15/03/2026
Do you need books?,english,manual_collection,15/03/2026
He understand music every day.,english,manual_collection,15/03/2026
Why do i prefer art?,english,manual_collection,15/03/2026
Why do everyone hate music?,english,manual_collection,15/03/2026
My friend love tea often.,english,manual_collection,15/03/2026
We love food often.,english,manual_collection,15/03/2026
We like coffee tomorrow.,english,manual_collection,15/03/2026
Everyone understand to tea sometimes.,english,manual_collection,15/03/2026
Why do they enjoy coffee?,english,manual_collection,15/03/2026
The teacher love art in the morning.,english,manual_collection,15/03/2026
Why do i enjoy coffee?,english,manual_collection,15/03/2026
Do you love sports?,english,manual_collection,15/03/2026
My friend love to tea often.,english,manual_collection,15/03/2026
Why do i prefer tea?,english,manual_collection,15/03/2026
Do you believe tea?,english,manual_collection,15/03/2026
She want to movies every day.,english,manual_collection,15/03/2026
Why do my friend prefer tea?,english,manual_collection,15/03/2026
My friend need coffee in the morning.,english,manual_collection,15/03/2026
My friend think music often.,english,manual_collection,15/03/2026
Do you understand food?,english,manual_collection,15/03/2026
They understand music every day.,english,manual_collection,15/03/2026
We like music at night.,english,manual_collection,15/03/2026
Do you enjoy tea?,english,manual_collection,15/03/2026
My friend believe sports tomorrow.,english,manual_collection,15/03/2026
Do you like tea?,english,manual_collection,15/03/2026
The teacher believe travel sometimes.,english,manual_collection,15/03/2026
Why do i prefer food?,english,manual_collection,15/03/2026
I need food tomorrow.,english,manual_collection,15/03/2026
Do you believe art?,english,manual_collection,15/03/2026
The children like to art often.,english,manual_collection,15/03/2026
We want music today.,english,manual_collection,15/03/2026
Do you think food?,english,manual_collection,15/03/2026
They love music today.,english,manual_collection,15/03/2026
My friend need to music sometimes.,english,manual_collection,15/03/2026
Why do the children think books?,english,manual_collection,15/03/2026
The teacher hate to sports at night.,english,manual_collection,15/03/2026
They enjoy to movies tomorrow.,english,manual_collection,15/03/2026
Do you love nature?,english,manual_collection,15/03/2026
Do you believe books?,english,manual_collection,15/03/2026
Why do he prefer sports?,english,manual_collection,15/03/2026
We love to travel at night.,english,manual_collection,15/03/2026
You prefer to tea rarely.,english,manual_collection,15/03/2026
Do you believe movies?,english,manual_collection,15/03/2026
Everyone love art at night.,english,manual_collection,15/03/2026
They like to travel in the morning.,english,manual_collection,15/03/2026
We prefer movies in the morning.,english,manual_collection,15/03/2026
The teacher believe movies rarely.,english,manual_collection,15/03/2026
You hate nature tomorrow.,english,manual_collection,15/03/2026
Do you want music?,english,manual_collection,15/03/2026
I understand to tea at night.,english,manual_collection,15/03/2026
The teacher hate to nature today.,english,manual_collection,15/03/2026
My friend think travel every day.,english,manual_collection,15/03/2026
We understand to movies often.,english,manual_collection,15/03/2026
You hate travel at night.,english,manual_collection,15/03/2026
She need books sometimes.,english,manual_collection,15/03/2026
Why do my friend think movies?,english,manual_collection,15/03/2026
My friend love tea at night.,english,manual_collection,15/03/2026
You believe books at night.,english,manual_collection,15/03/2026
Everyone understand to movies tomorrow.,english,manual_collection,15/03/2026
Do you believe music?,english,manual_collection,15/03/2026
She need travel often.,english,manual_collection,15/03/2026
He want food sometimes.,english,manual_collection,15/03/2026
Why do i love travel?,english,manual_collection,15/03/2026
Do you hate sports?,english,manual_collection,15/03/2026
They understand nature rarely.,english,manual_collection,15/03/2026
You like to music often.,english,manual_collection,15/03/2026
Why do i want tea?,english,manual_collection,15/03/2026
She understand to travel sometimes.,english,manual_collection,15/03/2026
Everyone love to books sometimes.,english,manual_collection,15/03/2026
Do you enjoy movies?,english,manual_collection,15/03/2026
The children hate sports rarely.,english,manual_collection,15/03/2026
He think to tea at night.,english,manual_collection,15/03/2026
I think to music tomorrow.,english,manual_collection,15/03/2026
Why do she understand movies?,english,manual_collection,15/03/2026
Why do everyone think music?,english,manual_collection,15/03/2026
Do you believe nature?,english,manual_collection,15/03/2026
She need to movies today.,english,manual_collection,15/03/2026
I prefer to art in the morning.,english,manual_collection,15/03/2026
Everyone believe travel at night.,english,manual_collection,15/03/2026
The children understand art tomorrow.,english,manual_collection,15/03/2026
Why do everyone want travel?,english,manual_collection,15/03/2026
Do you hate sports?,english,manual_collection,15/03/2026
She love to food sometimes.,english,manual_collection,15/03/2026
Do you think coffee?,english,manual_collection,15/03/2026
You hate books today.,english,manual_collection,15/03/2026
Do you believe art?,english,manual_collection,15/03/2026
Why do we enjoy travel?,english,manual_collection,15/03/2026
Why do we understand movies?,english,manual_collection,15/03/2026
Why do they think nature?,english,manual_collection,15/03/2026
Do you love art?,english,manual_collection,15/03/2026
Do you like coffee?,english,manual_collection,15/03/2026
My friend understand art today.,english,manual_collection,15/03/2026
He believe to movies in the morning.,english,manual_collection,15/03/2026
They enjoy to movies at night.,english,manual_collection,15/03/2026
Why do i believe travel?,english,manual_collection,15/03/2026
Why do you need travel?,english,manual_collection,15/03/2026
Habari yako leo?,swahili,manual_collection,15/03/2026
Habari za asubuhi?,swahili,manual_collection,15/03/2026
Habari za jioni?,swahili,manual_collection,15/03/2026
"Shikamoo, habari za nyumbani?",swahili,manual_collection,15/03/2026
"Marahaba, nzuri sana.",swahili,manual_collection,15/03/2026
Jina langu ni Amina. Wewe unaitwa nani?,swahili,manual_collection,15/03/2026
Ninatoka Kenya. Wewe unatoka wapi?,swahili,manual_collection,15/03/2026
Karibu sana nyumbani kwangu.,swahili,manual_collection,15/03/2026
Asante kwa kukaribisha.,swahili,manual_collection,15/03/2026
Ninafuraha kukutana nawe.,swahili,manual_collection,15/03/2026
Ninaenda sokoni kununua mboga.,swahili,manual_collection,15/03/2026
Umenunua nini sokoni?,swahili,manual_collection,15/03/2026
"Nimenunua nyanya, vitunguu na kabichi.",swahili,manual_collection,15/03/2026
Leo jua linawaka sana.,swahili,manual_collection,15/03/2026
Mvua inanyesha sana nje.,swahili,manual_collection,15/03/2026
Unaweza kunisaidia kubeba mfuko huu?,swahili,manual_collection,15/03/2026
Nimechoka leo baada ya kazi.,swahili,manual_collection,15/03/2026
Twende tukanywe kahawa kesho asubuhi.,swahili,manual_collection,15/03/2026
Chakula cha mchana kiko tayari.,swahili,manual_collection,15/03/2026
Tafadhali niletee maji ya kunywa.,swahili,manual_collection,15/03/2026
Duka la karibu liko wapi?,swahili,manual_collection,15/03/2026
Hii ni bei gani?,swahili,manual_collection,15/03/2026
Saa ngapi sasa?,swahili,manual_collection,15/03/2026
Unaenda wapi?,swahili,manual_collection,15/03/2026
Unafanya kazi gani?,swahili,manual_collection,15/03/2026
Una watoto wangapi?,swahili,manual_collection,15/03/2026
Una umri wa miaka mingapi?,swahili,manual_collection,15/03/2026
Kwanini umechelewa leo?,swahili,manual_collection,15/03/2026
Utarudi lini?,swahili,manual_collection,15/03/2026
Tutaonana lini tena?,swahili,manual_collection,15/03/2026
Nina familia ya watu watano.,swahili,manual_collection,15/03/2026
Mama yangu ni mwalimu wa shule.,swahili,manual_collection,15/03/2026
Baba yangu anafanya kazi ya ujenzi.,swahili,manual_collection,15/03/2026
"Nina ndugu wawili, kaka na dada.",swahili,manual_collection,15/03/2026
Dada yangu anaishi Mombasa.,swahili,manual_collection,15/03/2026
Kaka yangu ameoa na ana watoto wawili.,swahili,manual_collection,15/03/2026
Bibi yangu ana miaka themanini.,swahili,manual_collection,15/03/2026
Babu yangu alikuwa mkulima.,swahili,manual_collection,15/03/2026
Umekwisha kula?,swahili,manual_collection,15/03/2026
"Nina njaa sana, nataka kula.",swahili,manual_collection,15/03/2026
Chakula cha leo ni ugali na nyama.,swahili,manual_collection,15/03/2026
Napenda kula sukuma wiki na ugali.,swahili,manual_collection,15/03/2026
Hii chai ni tamu sana.,swahili,manual_collection,15/03/2026
Una mikate? Ningependa kununua.,swahili,manual_collection,15/03/2026
Tafadhali niongezee chai.,swahili,manual_collection,15/03/2026
Chakula kimeiva? Nina njaa.,swahili,manual_collection,15/03/2026
Hii ndizi ni bei gani?,swahili,manual_collection,15/03/2026
Nataka kununua maziwa na mkate.,swahili,manual_collection,15/03/2026
Bei ya nyanya imepanda leo.,swahili,manual_collection,15/03/2026
Naweza kupunguziwa bei?,swahili,manual_collection,15/03/2026
"Hii ni ghali sana, naweza kupata rahisi?",swahili,manual_collection,15/03/2026
Nipe kilo moja ya maharage.,swahili,manual_collection,15/03/2026
Asante kwa biashara.,swahili,manual_collection,15/03/2026
Unaenda kazini?,swahili,manual_collection,15/03/2026
Ninafanya kazi benki ya KCB.,swahili,manual_collection,15/03/2026
Anasoma chuo kikuu cha Nairobi.,swahili,manual_collection,15/03/2026
Mtihani ulikuwa mgumu sana.,swahili,manual_collection,15/03/2026
Nahitaji kumaliza kazi yangu kesho.,swahili,manual_collection,15/03/2026
Mkurugenzi anataka kukuona.,swahili,manual_collection,15/03/2026
Nina homa na kikohozi.,swahili,manual_collection,15/03/2026
Umeona daktari?,swahili,manual_collection,15/03/2026
Nipe dawa ya kichwa.,swahili,manual_collection,15/03/2026
Jihadhari na ugonjwa huu.,swahili,manual_collection,15/03/2026
Pumzika na unywe maji mengi.,swahili,manual_collection,15/03/2026
Ninaenda hospitali kumwona daktari.,swahili,manual_collection,15/03/2026
Basi la kwenda Mombasa linatoka saa ngapi?,swahili,manual_collection,15/03/2026
Nauli ni shilingi ngapi?,swahili,manual_collection,15/03/2026
Nataka tiketi ya kwenda Kisumu.,swahili,manual_collection,15/03/2026
Safari njema!,swahili,manual_collection,15/03/2026
Umesafiri kwa ndege au basi?,swahili,manual_collection,15/03/2026
Hotel iko mbali na uwanja wa ndege?,swahili,manual_collection,15/03/2026
"Leo ni Jumamosi, siku ya kupumzika.",swahili,manual_collection,15/03/2026
"Kesho ni Jumapili, twende kanisani.",swahili,manual_collection,15/03/2026
Jana kulikuwa na dharuba kali.,swahili,manual_collection,15/03/2026
Hali ya hewa leo ni nzuri.,swahili,manual_collection,15/03/2026
Kuna upepo mkali leo.,swahili,manual_collection,15/03/2026
Jua linatua saa sita jioni.,swahili,manual_collection,15/03/2026
Nina furaha leo sana.,swahili,manual_collection,15/03/2026
Nina huzuni baada ya kusikia habari hizo.,swahili,manual_collection,15/03/2026
Nina hamu ya kukuona tena.,swahili,manual_collection,15/03/2026
Nina wasiwasi kuhusu mtihani.,swahili,manual_collection,15/03/2026
Nina shukrani kwa msaada wako.,swahili,manual_collection,15/03/2026
"Tafadhali, naomba msaada wako.",swahili,manual_collection,15/03/2026
"Samahani, naweza kupita?",swahili,manual_collection,15/03/2026
Pole kwa kuchelewa.,swahili,manual_collection,15/03/2026
Hongera kwa kazi nzuri!,swahili,manual_collection,15/03/2026
Nakutakia siku njema.,swahili,manual_collection,15/03/2026
Tutaonana kesho.,swahili,manual_collection,15/03/2026
Kwaheri ya kuonana.,swahili,manual_collection,15/03/2026
Usiku mwema.,swahili,manual_collection,15/03/2026
Lala salama.,swahili,manual_collection,15/03/2026
Nakupenda sana.,swahili,manual_collection,15/03/2026
Mama narudi msikitini.,swahili,manual_collection,15/03/2026
Mama nakwenda nyumbani.,swahili,manual_collection,15/03/2026
Wewe nangoja dukani.,swahili,manual_collection,15/03/2026
Sisi narudi hospitali.,swahili,manual_collection,15/03/2026
Sisi nacheza hospitali.,swahili,manual_collection,15/03/2026
Wao nangoja dukani.,swahili,manual_collection,15/03/2026
Mama narudi msikitini.,swahili,manual_collection,15/03/2026
Nyinyi naandika dukani.,swahili,manual_collection,15/03/2026
Baba narudi nyumbani.,swahili,manual_collection,15/03/2026
Mama nakunywa kanisani.,swahili,manual_collection,15/03/2026
Baba narudi shuleni.,swahili,manual_collection,15/03/2026
Wewe nangoja dukani.,swahili,manual_collection,15/03/2026
Watoto naandika kazini.,swahili,manual_collection,15/03/2026
Sisi narudi kazini.,swahili,manual_collection,15/03/2026
Wewe nasoma shuleni.,swahili,manual_collection,15/03/2026
Baba narudi hospitali.,swahili,manual_collection,15/03/2026
Yeye naandika dukani.,swahili,manual_collection,15/03/2026
Nyinyi nakwenda kazini.,swahili,manual_collection,15/03/2026
Mimi nakwenda kanisani.,swahili,manual_collection,15/03/2026
Nyinyi nakula sokoni.,swahili,manual_collection,15/03/2026
Mimi nakula kanisani.,swahili,manual_collection,15/03/2026
Yeye nasoma shuleni.,swahili,manual_collection,15/03/2026
Baba nakunywa hospitali.,swahili,manual_collection,15/03/2026
Sisi nakunywa hospitali.,swahili,manual_collection,15/03/2026
Wewe narudi kanisani.,swahili,manual_collection,15/03/2026
Baba nasoma kanisani.,swahili,manual_collection,15/03/2026
Yeye nakwenda kazini.,swahili,manual_collection,15/03/2026
Watoto nangoja msikitini.,swahili,manual_collection,15/03/2026
Wewe nasoma hospitali.,swahili,manual_collection,15/03/2026
Nyinyi nacheza hospitali.,swahili,manual_collection,15/03/2026
Sisi nasoma msikitini.,swahili,manual_collection,15/03/2026
Watoto nacheza kanisani.,swahili,manual_collection,15/03/2026
Yeye naandika nyumbani.,swahili,manual_collection,15/03/2026
Baba nakula msikitini.,swahili,manual_collection,15/03/2026
Mama nakunywa dukani.,swahili,manual_collection,15/03/2026
Yeye nacheza hospitali.,swahili,manual_collection,15/03/2026
Nyinyi narudi sokoni.,swahili,manual_collection,15/03/2026
Yeye narudi nyumbani.,swahili,manual_collection,15/03/2026
Sisi nakwenda shuleni.,swahili,manual_collection,15/03/2026
Wewe narudi kazini.,swahili,manual_collection,15/03/2026
Baba nasoma kanisani.,swahili,manual_collection,15/03/2026
Wao nacheza kanisani.,swahili,manual_collection,15/03/2026
Wewe nakwenda nyumbani.,swahili,manual_collection,15/03/2026
Watoto nacheza kazini.,swahili,manual_collection,15/03/2026
Nyinyi nakula msikitini.,swahili,manual_collection,15/03/2026
Baba nakwenda msikitini.,swahili,manual_collection,15/03/2026
Mimi naandika kazini.,swahili,manual_collection,15/03/2026
Wao nasoma hospitali.,swahili,manual_collection,15/03/2026
Watoto nakunywa dukani.,swahili,manual_collection,15/03/2026
Sisi nakunywa shuleni.,swahili,manual_collection,15/03/2026
Mimi nasoma msikitini.,swahili,manual_collection,15/03/2026
Wao nasoma nyumbani.,swahili,manual_collection,15/03/2026
Baba nangoja kanisani.,swahili,manual_collection,15/03/2026
Wao nasoma kanisani.,swahili,manual_collection,15/03/2026
Mimi nangoja hospitali.,swahili,manual_collection,15/03/2026
Mimi nakwenda kazini.,swahili,manual_collection,15/03/2026
Wao nakwenda kazini.,swahili,manual_collection,15/03/2026
Watoto naandika hospitali.,swahili,manual_collection,15/03/2026
Mimi nangoja sokoni.,swahili,manual_collection,15/03/2026
Wao naandika sokoni.,swahili,manual_collection,15/03/2026
Baba nasoma kanisani.,swahili,manual_collection,15/03/2026
Sisi nacheza kanisani.,swahili,manual_collection,15/03/2026
Wao nakula shuleni.,swahili,manual_collection,15/03/2026
Sisi nasoma dukani.,swahili,manual_collection,15/03/2026
Baba nasoma nyumbani.,swahili,manual_collection,15/03/2026
Watoto nasoma kazini.,swahili,manual_collection,15/03/2026
Mama nakunywa sokoni.,swahili,manual_collection,15/03/2026
Baba nangoja msikitini.,swahili,manual_collection,15/03/2026
Mimi nacheza kazini.,swahili,manual_collection,15/03/2026
Yeye naandika shuleni.,swahili,manual_collection,15/03/2026
Yeye naandika kazini.,swahili,manual_collection,15/03/2026
Mama narudi shuleni.,swahili,manual_collection,15/03/2026
Baba narudi msikitini.,swahili,manual_collection,15/03/2026
Mama naandika hospitali.,swahili,manual_collection,15/03/2026
Wewe nakunywa dukani.,swahili,manual_collection,15/03/2026
Yeye nakwenda nyumbani.,swahili,manual_collection,15/03/2026
Nyinyi naandika sokoni.,swahili,manual_collection,15/03/2026
Yeye nacheza kanisani.,swahili,manual_collection,15/03/2026
Sisi nasoma msikitini.,swahili,manual_collection,15/03/2026
Mimi nakula kanisani.,swahili,manual_collection,15/03/2026
Mimi nakunywa msikitini.,swahili,manual_collection,15/03/2026
Wewe narudi kanisani.,swahili,manual_collection,15/03/2026
Yeye naandika kazini.,swahili,manual_collection,15/03/2026
Watoto nakula hospitali.,swahili,manual_collection,15/03/2026
Mimi nacheza kazini.,swahili,manual_collection,15/03/2026
Watoto nasoma msikitini.,swahili,manual_collection,15/03/2026
Sisi nangoja sokoni.,swahili,manual_collection,15/03/2026
Sisi nakula kazini.,swahili,manual_collection,15/03/2026
Mama narudi kanisani.,swahili,manual_collection,15/03/2026
Wewe nakwenda nyumbani.,swahili,manual_collection,15/03/2026
Mimi nakwenda kazini.,swahili,manual_collection,15/03/2026
Wewe nakunywa kanisani.,swahili,manual_collection,15/03/2026
Wewe nasoma dukani.,swahili,manual_collection,15/03/2026
Wewe nakula kazini.,swahili,manual_collection,15/03/2026
Wewe naandika nyumbani.,swahili,manual_collection,15/03/2026
Baba nasoma kazini.,swahili,manual_collection,15/03/2026
Baba nakwenda msikitini.,swahili,manual_collection,15/03/2026
Yeye narudi sokoni.,swahili,manual_collection,15/03/2026
Wao nakunywa kanisani.,swahili,manual_collection,15/03/2026
Wewe naandika dukani.,swahili,manual_collection,15/03/2026
Wao nakwenda nyumbani.,swahili,manual_collection,15/03/2026
Nyinyi nasoma msikitini.,swahili,manual_collection,15/03/2026
Wao nangoja dukani.,swahili,manual_collection,15/03/2026
Nyinyi nakunywa shuleni.,swahili,manual_collection,15/03/2026
Mimi narudi kazini.,swahili,manual_collection,15/03/2026
Watoto nakwenda kanisani.,swahili,manual_collection,15/03/2026
Sisi nakunywa shuleni.,swahili,manual_collection,15/03/2026
Watoto nakula nyumbani.,swahili,manual_collection,15/03/2026
Nyinyi nacheza msikitini.,swahili,manual_collection,15/03/2026
Mama narudi nyumbani.,swahili,manual_collection,15/03/2026
Wao nasoma shuleni.,swahili,manual_collection,15/03/2026
Mama nakula shuleni.,swahili,manual_collection,15/03/2026
Wewe nakwenda sokoni.,swahili,manual_collection,15/03/2026
Nyinyi nacheza kazini.,swahili,manual_collection,15/03/2026
Sisi narudi kazini.,swahili,manual_collection,15/03/2026
Wao nangoja kanisani.,swahili,manual_collection,15/03/2026
Sisi nacheza nyumbani.,swahili,manual_collection,15/03/2026
Nyinyi nacheza msikitini.,swahili,manual_collection,15/03/2026
Nyinyi naandika kanisani.,swahili,manual_collection,15/03/2026
Mama nakunywa dukani.,swahili,manual_collection,15/03/2026
Wewe nangoja sokoni.,swahili,manual_collection,15/03/2026
Mimi nakula kanisani.,swahili,manual_collection,15/03/2026
Wao nangoja kanisani.,swahili,manual_collection,15/03/2026
Baba nangoja msikitini.,swahili,manual_collection,15/03/2026
Nyinyi nakula kanisani.,swahili,manual_collection,15/03/2026
Mimi nakunywa msikitini.,swahili,manual_collection,15/03/2026
Mama naandika dukani.,swahili,manual_collection,15/03/2026
Watoto narudi kazini.,swahili,manual_collection,15/03/2026
Nyinyi nacheza kanisani.,swahili,manual_collection,15/03/2026
Watoto naandika msikitini.,swahili,manual_collection,15/03/2026
Sisi nakula kanisani.,swahili,manual_collection,15/03/2026
Sisi nakunywa shuleni.,swahili,manual_collection,15/03/2026
Watoto naandika msikitini.,swahili,manual_collection,15/03/2026
Mimi nakwenda dukani.,swahili,manual_collection,15/03/2026
Baba nakula kanisani.,swahili,manual_collection,15/03/2026
Watoto nakwenda shuleni.,swahili,manual_collection,15/03/2026
Sisi nakunywa dukani.,swahili,manual_collection,15/03/2026
Wewe naandika shuleni.,swahili,manual_collection,15/03/2026
Watoto nasoma kazini.,swahili,manual_collection,15/03/2026
Baba nasoma dukani.,swahili,manual_collection,15/03/2026
Yeye nangoja dukani.,swahili,manual_collection,15/03/2026
Sisi nangoja kazini.,swahili,manual_collection,15/03/2026
Baba nakunywa kanisani.,swahili,manual_collection,15/03/2026
Baba nacheza shuleni.,swahili,manual_collection,15/03/2026
Sisi narudi kanisani.,swahili,manual_collection,15/03/2026
Wao nangoja sokoni.,swahili,manual_collection,15/03/2026
Baba nakula kanisani.,swahili,manual_collection,15/03/2026
Wao nacheza kazini.,swahili,manual_collection,15/03/2026
Mama nakula kanisani.,swahili,manual_collection,15/03/2026
Yeye nasoma kazini.,swahili,manual_collection,15/03/2026
Wulanga wulile?,lubukusu,manual_collection,15/03/2026
Wulanga mulembe?,lubukusu,manual_collection,15/03/2026
Mulembe,lubukusu,manual_collection,15/03/2026
"Wulanga, wawukha?",lubukusu,manual_collection,15/03/2026
"Ndilile mulembe, kala wewe?",lubukusu,manual_collection,15/03/2026
lisina liange bali Nafula. Newe bali nanu?,lubukusu,manual_collection,15/03/2026
Ewe okhocha waena?,lubukusu,manual_collection,15/03/2026
Karibu muno khukhwitu.,lubukusu,manual_collection,15/03/2026
Nakhupa obulayi okhutsa.,lubukusu,manual_collection,15/03/2026
Ndakhupa kamalayi okhumanya.,lubukusu,manual_collection,15/03/2026
Ndeya khukhola endakho.,lubukusu,manual_collection,15/03/2026
Nasima kamatinyekha.,lubukusu,manual_collection,15/03/2026
Khuletsa khukhwe khumuliango.,lubukusu,manual_collection,15/03/2026
Ndakhupa obulayi.,lubukusu,manual_collection,15/03/2026
Oriena Maayi,lubukusu,manual_collection,15/03/2026
Okhocha Waena,lubukusu,manual_collection,15/03/2026
Wa kharo yiyi?,lubukusu,manual_collection,15/03/2026
Naloma ne omukhana.,lubukusu,manual_collection,15/03/2026
Khuli nende injala.,lubukusu,manual_collection,15/03/2026
Efukho yiyi ino?,lubukusu,manual_collection,15/03/2026
Ndakhupa omulayi muno.,lubukusu,manual_collection,15/03/2026
Kane khutsie kumukunda.,lubukusu,manual_collection,15/03/2026
Wa kharo yiyi ukhumanyia?,lubukusu,manual_collection,15/03/2026
Nalomwa ni omusiani.,lubukusu,manual_collection,15/03/2026
Kamukenye kamalayi.,lubukusu,manual_collection,15/03/2026
Ndakhupa amani.,lubukusu,manual_collection,15/03/2026
"Sili omulayi, kala wewe?",lubukusu,manual_collection,15/03/2026
Khuli nende omukeno.,lubukusu,manual_collection,15/03/2026
Nebene bakhupa?,lubukusu,manual_collection,15/03/2026
Baba wanje ni Omukasa.,lubukusu,manual_collection,15/03/2026
Mama wanje ni Omukhasi omulayi.,lubukusu,manual_collection,15/03/2026
Ndi nende abana bataru.,lubukusu,manual_collection,15/03/2026
Omwana wanje omusiani asoma e shule.,lubukusu,manual_collection,15/03/2026
Omukhana wanje ni mutiti.,lubukusu,manual_collection,15/03/2026
Baba bakhulu babele bayanza okhulola.,lubukusu,manual_collection,15/03/2026
Oluyia lwefwe ni olunji.,lubukusu,manual_collection,15/03/2026
Ndi nende bakhaye basatsa.,lubukusu,manual_collection,15/03/2026
Mukhana wanje ni omulayi muno.,lubukusu,manual_collection,15/03/2026
Omusiani wanje ni omulayi.,lubukusu,manual_collection,15/03/2026
Efukho yiyi?,lubukusu,manual_collection,15/03/2026
Wa kharo yena?,lubukusu,manual_collection,15/03/2026
Ukhenda hayi?,lubukusu,manual_collection,15/03/2026
Ukhola shina?,lubukusu,manual_collection,15/03/2026
Ukhupa shina?,lubukusu,manual_collection,15/03/2026
Shina shikhupa?,lubukusu,manual_collection,15/03/2026
Witsa lina?,lubukusu,manual_collection,15/03/2026
Ukhalanga shina?,lubukusu,manual_collection,15/03/2026
Ukhakhola shina kesho?,lubukusu,manual_collection,15/03/2026
Nebena bekha?,lubukusu,manual_collection,15/03/2026
Ndema okhulia.,lubukusu,manual_collection,15/03/2026
Khuli nende injala muno.,lubukusu,manual_collection,15/03/2026
Okhulia khulayi khuli khu mesao.,lubukusu,manual_collection,15/03/2026
Nasima kamatinyekha kano.,lubukusu,manual_collection,15/03/2026
Nyanga ino ni ndayi.,lubukusu,manual_collection,15/03/2026
Nania obusuma ne inyama.,lubukusu,manual_collection,15/03/2026
Nanywa kamachina.,lubukusu,manual_collection,15/03/2026
Tukhalia shina leo?,lubukusu,manual_collection,15/03/2026
Okhulia khuno khulayi.,lubukusu,manual_collection,15/03/2026
Nende amakanda?,lubukusu,manual_collection,15/03/2026
Ndeya khukwa kumukunda.,lubukusu,manual_collection,15/03/2026
Nasima kamatinyekha kamukunda.,lubukusu,manual_collection,15/03/2026
Kamukenye kano ni kanga?,lubukusu,manual_collection,15/03/2026
"Nakhupa omulayi, shina sino?",lubukusu,manual_collection,15/03/2026
Ndeya okhukhola likhuwa.,lubukusu,manual_collection,15/03/2026
Kane khutsie khusikulu.,lubukusu,manual_collection,15/03/2026
Nakhupa kamakhulu.,lubukusu,manual_collection,15/03/2026
Sindu sino ni shinga?,lubukusu,manual_collection,15/03/2026
Ndeya okhukhola kamalayi.,lubukusu,manual_collection,15/03/2026
Kamukenye kanofu kali.,lubukusu,manual_collection,15/03/2026
Ndeya khukhola emilimo.,lubukusu,manual_collection,15/03/2026
Nakhalengele okhukhalaka.,lubukusu,manual_collection,15/03/2026
Khuli nende luyia.,lubukusu,manual_collection,15/03/2026
Ndema okhumanya ebindu.,lubukusu,manual_collection,15/03/2026
Nakhola emilimo chianje.,lubukusu,manual_collection,15/03/2026
Emilimo chianje chindayi.,lubukusu,manual_collection,15/03/2026
Naloma ne abebulu.,lubukusu,manual_collection,15/03/2026
Khuli nende khusinza.,lubukusu,manual_collection,15/03/2026
Ndeya khukhonya.,lubukusu,manual_collection,15/03/2026
Nakhalengele okhukhola.,lubukusu,manual_collection,15/03/2026
Ndema amani.,lubukusu,manual_collection,15/03/2026
Nali muweli.,lubukusu,manual_collection,15/03/2026
Ndeya khulwala.,lubukusu,manual_collection,15/03/2026
Nakhupa kamakhulu muweli.,lubukusu,manual_collection,15/03/2026
Ndeya khulola omukulu.,lubukusu,manual_collection,15/03/2026
Ndema okhumia.,lubukusu,manual_collection,15/03/2026
Ndakhupa amani muno.,lubukusu,manual_collection,15/03/2026
Nali muweli olwosi.,lubukusu,manual_collection,15/03/2026
Nakhalengele okhulwala.,lubukusu,manual_collection,15/03/2026
Khuli nende bulwale.,lubukusu,manual_collection,15/03/2026
Ndeya khutsia Bulukhayo.,lubukusu,manual_collection,15/03/2026
Kane khutsie kumukunda.,lubukusu,manual_collection,15/03/2026
Ndeya khukwa Nairobi.,lubukusu,manual_collection,15/03/2026
Nsafire mumwendo.,lubukusu,manual_collection,15/03/2026
Khuli nende luyia lwokhutsia.,lubukusu,manual_collection,15/03/2026
Mumwendo kunofu.,lubukusu,manual_collection,15/03/2026
Ndeya khukalusia.,lubukusu,manual_collection,15/03/2026
Khuli nende ebili.,lubukusu,manual_collection,15/03/2026
Nsafire nabayi.,lubukusu,manual_collection,15/03/2026
Ndeya okhukalusia khusikulu.,lubukusu,manual_collection,15/03/2026
Ndema omukeno.,lubukusu,manual_collection,15/03/2026
Khuli nende obulayi.,lubukusu,manual_collection,15/03/2026
Nali nende esiro.,lubukusu,manual_collection,15/03/2026
Ndakhupa amani mwoyo.,lubukusu,manual_collection,15/03/2026
Nali musangafu.,lubukusu,manual_collection,15/03/2026
Khuli nende esinza.,lubukusu,manual_collection,15/03/2026
Nali omulayi mwoyo.,lubukusu,manual_collection,15/03/2026
Ndakhupa obulayi mwoyo.,lubukusu,manual_collection,15/03/2026
Nali nende obukeni.,lubukusu,manual_collection,15/03/2026
Khuli nende omukeno muno.,lubukusu,manual_collection,15/03/2026
Efukho yiyi ni yamalayi.,lubukusu,manual_collection,15/03/2026
Kumukunda kuyia.,lubukusu,manual_collection,15/03/2026
Oluyia lwefwe ni lulayi.,lubukusu,manual_collection,15/03/2026
Khusikulu khulayi.,lubukusu,manual_collection,15/03/2026
Mwikulu ni mulayi.,lubukusu,manual_collection,15/03/2026
Efukho yiyi ni yomulembe.,lubukusu,manual_collection,15/03/2026
Khusikulu khuyia.,lubukusu,manual_collection,15/03/2026
Mwikulu ni mulembe.,lubukusu,manual_collection,15/03/2026
Efukho yino ni ndayi.,lubukusu,manual_collection,15/03/2026
Khusikulu khunofu.,lubukusu,manual_collection,15/03/2026
Ndakhupa obulayi.,lubukusu,manual_collection,15/03/2026
Wanyala muno.,lubukusu,manual_collection,15/03/2026
Kane khukhonyane.,lubukusu,manual_collection,15/03/2026
Sili omulayi.,lubukusu,manual_collection,15/03/2026
Ndakhupa kamalayi.,lubukusu,manual_collection,15/03/2026
Wanyala sana.,lubukusu,manual_collection,15/03/2026
Kane khulile.,lubukusu,manual_collection,15/03/2026
Ndakhupa.,lubukusu,manual_collection,15/03/2026
Mulembe.,lubukusu,manual_collection,15/03/2026
Kane khutsie.,lubukusu,manual_collection,15/03/2026
Wulanga naloma khusikulu.,lubukusu,manual_collection,15/03/2026
Wanyala ndekhula khusikulu.,lubukusu,manual_collection,15/03/2026
Mulembe ndeukha kumukunda.,lubukusu,manual_collection,15/03/2026
Khabili nasima kumukunda.,lubukusu,manual_collection,15/03/2026
Wulanga ndakhola kumukunda.,lubukusu,manual_collection,15/03/2026
Wulanga ndakhola mwikulu.,lubukusu,manual_collection,15/03/2026
Wanyala naloma khusikulu.,lubukusu,manual_collection,15/03/2026
Mulembe naloma kumukunda.,lubukusu,manual_collection,15/03/2026
Wanyala naloma khumuliango.,lubukusu,manual_collection,15/03/2026
Wulanga ndakhola Bulukhayo.,lubukusu,manual_collection,15/03/2026
Wanyala nasima mwikulu.,lubukusu,manual_collection,15/03/2026
Khabili ndakenda khusikulu.,lubukusu,manual_collection,15/03/2026
Khabili ndekhula khukhwitu.,lubukusu,manual_collection,15/03/2026
Wulanga naloma khukhwitu.,lubukusu,manual_collection,15/03/2026
Khabili naloma khumuliango.,lubukusu,manual_collection,15/03/2026
Mulembe ndakhola Bulukhayo.,lubukusu,manual_collection,15/03/2026
Wanyala ndekhula khusikulu.,lubukusu,manual_collection,15/03/2026
Wulanga ndakhola khukhwitu.,lubukusu,manual_collection,15/03/2026
Wulanga ndeukha kumukunda.,lubukusu,manual_collection,15/03/2026
Wulanga ndeukha khukhwitu.,lubukusu,manual_collection,15/03/2026
Wulanga ndeukha Bulukhayo.,lubukusu,manual_collection,15/03/2026
Wanyala naloma khumuliango.,lubukusu,manual_collection,15/03/2026
Wulanga nasima khusikulu.,lubukusu,manual_collection,15/03/2026
Wulanga naloma Bulukhayo.,lubukusu,manual_collection,15/03/2026
Wanyala nasima Bulukhayo.,lubukusu,manual_collection,15/03/2026
Mulembe ndekhula khukhwitu.,lubukusu,manual_collection,15/03/2026
Wulanga ndekhula Bulukhayo.,lubukusu,manual_collection,15/03/2026
Khabili naloma khusikulu.,lubukusu,manual_collection,15/03/2026
Khabili naloma mwikulu.,lubukusu,manual_collection,15/03/2026
Khabili ndakenda kumukunda.,lubukusu,manual_collection,15/03/2026
Mulembe ndakhola khusikulu.,lubukusu,manual_collection,15/03/2026
Wulanga ndakenda khumuliango.,lubukusu,manual_collection,15/03/2026
Khabili ndekhula khumuliango.,lubukusu,manual_collection,15/03/2026
Khabili ndeukha Bulukhayo.,lubukusu,manual_collection,15/03/2026
Khabili ndakhola khumuliango.,lubukusu,manual_collection,15/03/2026
Wanyala ndakhola kumukunda.,lubukusu,manual_collection,15/03/2026
Wanyala ndekhula khumuliango.,lubukusu,manual_collection,15/03/2026
Mulembe nasima khukhwitu.,lubukusu,manual_collection,15/03/2026
Wulanga ndakenda khumuliango.,lubukusu,manual_collection,15/03/2026
Khabili ndakenda mwikulu.,lubukusu,manual_collection,15/03/2026
Mulembe naloma mwikulu.,lubukusu,manual_collection,15/03/2026
Khabili ndekhula khukhwitu.,lubukusu,manual_collection,15/03/2026
Wulanga naloma khusikulu.,lubukusu,manual_collection,15/03/2026
Khabili ndekhula Bulukhayo.,lubukusu,manual_collection,15/03/2026
Wanyala ndakhola khumuliango.,lubukusu,manual_collection,15/03/2026
Mulembe naloma khumuliango.,lubukusu,manual_collection,15/03/2026
Khabili ndeukha khumuliango.,lubukusu,manual_collection,15/03/2026
Wanyala ndeukha khusikulu.,lubukusu,manual_collection,15/03/2026
Mulembe naloma khumuliango.,lubukusu,manual_collection,15/03/2026
Khabili ndekhula Bulukhayo.,lubukusu,manual_collection,15/03/2026
Wulanga ndakhola mwikulu.,lubukusu,manual_collection,15/03/2026
Wanyala ndeukha khumuliango.,lubukusu,manual_collection,15/03/2026
Wulanga ndekhula khumuliango.,lubukusu,manual_collection,15/03/2026
Khabili ndakenda Bulukhayo.,lubukusu,manual_collection,15/03/2026
Wulanga ndakhola khukhwitu.,lubukusu,manual_collection,15/03/2026
Wanyala ndakhola Bulukhayo.,lubukusu,manual_collection,15/03/2026
Khabili naloma kumukunda.,lubukusu,manual_collection,15/03/2026
Wulanga ndekhula kumukunda.,lubukusu,manual_collection,15/03/2026
Mulembe nasima khumuliango.,lubukusu,manual_collection,15/03/2026
Mulembe nasima kumukunda.,lubukusu,manual_collection,15/03/2026
Wulanga ndeukha khumuliango.,lubukusu,manual_collection,15/03/2026
Wulanga nasima Bulukhayo.,lubukusu,manual_collection,15/03/2026
Wulanga ndakhola kumukunda.,lubukusu,manual_collection,15/03/2026
Khabili ndekhula mwikulu.,lubukusu,manual_collection,15/03/2026
Mulembe nasima khusikulu.,lubukusu,manual_collection,15/03/2026
Wanyala nasima khumuliango.,lubukusu,manual_collection,15/03/2026
Khabili ndakenda khukhwitu.,lubukusu,manual_collection,15/03/2026
Khabili ndeukha khusikulu.,lubukusu,manual_collection,15/03/2026
Khabili ndakhola mwikulu.,lubukusu,manual_collection,15/03/2026
Khabili ndakenda mwikulu.,lubukusu,manual_collection,15/03/2026
Mulembe ndakenda khukhwitu.,lubukusu,manual_collection,15/03/2026
Khabili ndakhola kumukunda.,lubukusu,manual_collection,15/03/2026
Khabili ndakhola mwikulu.,lubukusu,manual_collection,15/03/2026
Wulanga ndakenda khusikulu.,lubukusu,manual_collection,15/03/2026
Wulanga ndakhola khusikulu.,lubukusu,manual_collection,15/03/2026
Mulembe ndakenda khumuliango.,lubukusu,manual_collection,15/03/2026
Khabili ndeukha Bulukhayo.,lubukusu,manual_collection,15/03/2026
Wulanga nasima Bulukhayo.,lubukusu,manual_collection,15/03/2026
Wanyala naloma mwikulu.,lubukusu,manual_collection,15/03/2026
Mulembe ndakenda Bulukhayo.,lubukusu,manual_collection,15/03/2026
Wanyala ndakenda khumuliango.,lubukusu,manual_collection,15/03/2026
Wulanga ndakenda kumukunda.,lubukusu,manual_collection,15/03/2026
Mulembe nasima khumuliango.,lubukusu,manual_collection,15/03/2026
Wulanga naloma khusikulu.,lubukusu,manual_collection,15/03/2026
Mulembe naloma khukhwitu.,lubukusu,manual_collection,15/03/2026
Wanyala ndeukha mwikulu.,lubukusu,manual_collection,15/03/2026
Mulembe ndakhola khumuliango.,lubukusu,manual_collection,15/03/2026
Wanyala ndeukha khusikulu.,lubukusu,manual_collection,15/03/2026
Khabili ndakhola mwikulu.,lubukusu,manual_collection,15/03/2026
Khabili ndakenda mwikulu.,lubukusu,manual_collection,15/03/2026
Khabili ndakhola mwikulu.,lubukusu,manual_collection,15/03/2026
Wanyala ndeukha khusikulu.,lubukusu,manual_collection,15/03/2026
Mulembe ndakhola Bulukhayo.,lubukusu,manual_collection,15/03/2026
Mulembe ndeukha Bulukhayo.,lubukusu,manual_collection,15/03/2026
Wulanga ndeukha Bulukhayo.,lubukusu,manual_collection,15/03/2026
Wulanga ndakenda mwikulu.,lubukusu,manual_collection,15/03/2026
Khabili ndeukha khukhwitu.,lubukusu,manual_collection,15/03/2026
Khabili naloma mwikulu.,lubukusu,manual_collection,15/03/2026
Wulanga ndakhola mwikulu.,lubukusu,manual_collection,15/03/2026
Wulanga naloma mwikulu.,lubukusu,manual_collection,15/03/2026
Khabili ndakenda khusikulu.,lubukusu,manual_collection,15/03/2026
Wulanga ndakenda mwikulu.,lubukusu,manual_collection,15/03/2026
Khabili nasima mwikulu.,lubukusu,manual_collection,15/03/2026
Mulembe nasima khukhwitu.,lubukusu,manual_collection,15/03/2026
Mulembe ndakenda khusikulu.,lubukusu,manual_collection,15/03/2026
Wanyala ndakenda kumukunda.,lubukusu,manual_collection,15/03/2026
Khabili ndeukha khumuliango.,lubukusu,manual_collection,15/03/2026
Wanyala nasima khumuliango.,lubukusu,manual_collection,15/03/2026
Wanyala ndekhula mwikulu.,lubukusu,manual_collection,15/03/2026
Khabili naloma khusikulu.,lubukusu,manual_collection,15/03/2026
Mulembe ndakenda kumukunda.,lubukusu,manual_collection,15/03/2026
Mulembe ndekhula Bulukhayo.,lubukusu,manual_collection,15/03/2026
Wulanga naloma Bulukhayo.,lubukusu,manual_collection,15/03/2026
Khabili ndakenda mwikulu.,lubukusu,manual_collection,15/03/2026
Khabili ndakhola khukhwitu.,lubukusu,manual_collection,15/03/2026
Wanyala ndakhola mwikulu.,lubukusu,manual_collection,15/03/2026
Khabili naloma khusikulu.,lubukusu,manual_collection,15/03/2026
Khabili ndakhola mwikulu.,lubukusu,manual_collection,15/03/2026
Wanyala naloma mwikulu.,lubukusu,manual_collection,15/03/2026
Wanyala ndakenda khumuliango.,lubukusu,manual_collection,15/03/2026
Wanyala ndeukha khukhwitu.,lubukusu,manual_collection,15/03/2026
Mulembe ndakenda mwikulu.,lubukusu,manual_collection,15/03/2026
Mulembe ndekhula khukhwitu.,lubukusu,manual_collection,15/03/2026
Wulanga naloma khumuliango.,lubukusu,manual_collection,15/03/2026
Wanyala ndakenda mwikulu.,lubukusu,manual_collection,15/03/2026
Khabili ndakhola mwikulu.,lubukusu,manual_collection,15/03/2026
Khabili ndeukha Bulukhayo.,lubukusu,manual_collection,15/03/2026
Mulembe ndeukha khukhwitu.,lubukusu,manual_collection,15/03/2026
Mulembe ndekhula kumukunda.,lubukusu,manual_collection,15/03/2026
Wulanga ndeukha khukhwitu.,lubukusu,manual_collection,15/03/2026
Wanyala ndekhula khumuliango.,lubukusu,manual_collection,15/03/2026
Wanyala ndeukha khusikulu.,lubukusu,manual_collection,15/03/2026
Wanyala ndakhola khumuliango.,lubukusu,manual_collection,15/03/2026
Khabili nasima kumukunda.,lubukusu,manual_collection,15/03/2026
Khabili ndakenda mwikulu.,lubukusu,manual_collection,15/03/2026
Khabili ndeukha kumukunda.,lubukusu,manual_collection,15/03/2026
Mulembe ndakenda khusikulu.,lubukusu,manual_collection,15/03/2026
Mulembe ndeukha kumukunda.,lubukusu,manual_collection,15/03/2026
Wanyala nasima Bulukhayo.,lubukusu,manual_collection,15/03/2026
Khabili naloma khumuliango.,lubukusu,manual_collection,15/03/2026
Wulanga ndakenda mwikulu.,lubukusu,manual_collection,15/03/2026
Mulembe naloma mwikulu.,lubukusu,manual_collection,15/03/2026
Wanyala ndakenda khumuliango.,lubukusu,manual_collection,15/03/2026
Mulembe ndakenda khukhwitu.,lubukusu,manual_collection,15/03/2026
Khabili ndeukha khukhwitu.,lubukusu,manual_collection,15/03/2026
Wulanga ndakhola khumuliango.,lubukusu,manual_collection,15/03/2026
Wulanga ndekhula mwikulu.,lubukusu,manual_collection,15/03/2026
Wulanga ndakhola khukhwitu.,lubukusu,manual_collection,15/03/2026
Khabili nasima khumuliango.,lubukusu,manual_collection,15/03/2026
Wanyala naloma khumuliango.,lubukusu,manual_collection,15/03/2026
"Niko poa tu, mbona?",sheng,manual_collection,15/03/2026
Vipi msee? Uko aje?,sheng,manual_collection,15/03/2026
"Poa poa, unasemaje?",sheng,manual_collection,15/03/2026
"Niaje, umeshindaje?",sheng,manual_collection,15/03/2026
"Freshi kabisa, wewe?",sheng,manual_collection,15/03/2026
"Sema nduthi, iko aje?",sheng,manual_collection,15/03/2026
"Mboka, habari gani?",sheng,manual_collection,15/03/2026
Manze leo ni heavy.,sheng,manual_collection,15/03/2026
Niko na vibe noma leo.,sheng,manual_collection,15/03/2026
Mambo poa tu mtaani.,sheng,manual_collection,15/03/2026
Wacha tuende base kesho.,sheng,manual_collection,15/03/2026
Nimekula job yangu.,sheng,manual_collection,15/03/2026
Tumesota mtaa hata mbaya.,sheng,manual_collection,15/03/2026
Nimechill tu nyumbani.,sheng,manual_collection,15/03/2026
Twende tupige story kidogo.,sheng,manual_collection,15/03/2026
Tuko na mashibe ya kufanya.,sheng,manual_collection,15/03/2026
Niko na pressure ya kazi.,sheng,manual_collection,15/03/2026
Umechill aje weekend?,sheng,manual_collection,15/03/2026
Nimebonga na dem yangu.,sheng,manual_collection,15/03/2026
Tumesota na maBRRR.,sheng,manual_collection,15/03/2026
Msee huyo ni fresh sana.,sheng,manual_collection,15/03/2026
Manzi yule ni kali.,sheng,manual_collection,15/03/2026
Dem wangu ni poa.,sheng,manual_collection,15/03/2026
MaBRRR zangu ni wengi.,sheng,manual_collection,15/03/2026
Huyo ni bro yangu.,sheng,manual_collection,15/03/2026
Manze ni mdosi wangu.,sheng,manual_collection,15/03/2026
Yule manzi ni moto.,sheng,manual_collection,15/03/2026
Hawa madame ni poa.,sheng,manual_collection,15/03/2026
Wasee wetu ni wengi.,sheng,manual_collection,15/03/2026
Hio ni nduthi yangu.,sheng,manual_collection,15/03/2026
Uko na mbao?,sheng,manual_collection,15/03/2026
Nimebroke hii mwezi.,sheng,manual_collection,15/03/2026
Tafuta doh kidogo.,sheng,manual_collection,15/03/2026
Niko na cash ndogo.,sheng,manual_collection,15/03/2026
Hio bei ni heavy.,sheng,manual_collection,15/03/2026
Twende tushike fare.,sheng,manual_collection,15/03/2026
Nimepata job ya jaba.,sheng,manual_collection,15/03/2026
Doh iko wapi?,sheng,manual_collection,15/03/2026
Nipe mbao kidogo.,sheng,manual_collection,15/03/2026
Tumechania doh leo.,sheng,manual_collection,15/03/2026
Twende tukule ngwaci.,sheng,manual_collection,15/03/2026
Niko na njaa sana.,sheng,manual_collection,15/03/2026
Twende tukule chapo.,sheng,manual_collection,15/03/2026
Hio food ni poa.,sheng,manual_collection,15/03/2026
Nimekula kitu moto.,sheng,manual_collection,15/03/2026
Twende tupige lunch.,sheng,manual_collection,15/03/2026
Umeshakula?,sheng,manual_collection,15/03/2026
Nataka kitu kidogo.,sheng,manual_collection,15/03/2026
Hio chakula ni heavy.,sheng,manual_collection,15/03/2026
Twende tukule fish.,sheng,manual_collection,15/03/2026
Twende tushike mtaa.,sheng,manual_collection,15/03/2026
Niko town tu.,sheng,manual_collection,15/03/2026
Uko wapi sasa?,sheng,manual_collection,15/03/2026
Niko base yangu.,sheng,manual_collection,15/03/2026
Twende club kesho.,sheng,manual_collection,15/03/2026
Hio mboka ni poa.,sheng,manual_collection,15/03/2026
Niko Eastlands.,sheng,manual_collection,15/03/2026
Twende CBD kidogo.,sheng,manual_collection,15/03/2026
Hio place ni moto.,sheng,manual_collection,15/03/2026
Niko Westlands poa.,sheng,manual_collection,15/03/2026
Niko live @ Kilimani 😎,sheng,manual_collection,15/03/2026
Tuone wa BRRR mtaani 💯,sheng,manual_collection,15/03/2026
Freshi kabisa msee! 🙌,sheng,manual_collection,15/03/2026
Heavy night ku town 🌃,sheng,manual_collection,15/03/2026
"Poa poa, unasemaje? 👊",sheng,manual_collection,15/03/2026
Wueh! Hio ni moto sana 🥵,sheng,manual_collection,15/03/2026
Nimechill na maBRRR 💪,sheng,manual_collection,15/03/2026
Bonga kidogo msee 🤙,sheng,manual_collection,15/03/2026
Hii siku ni poa sana ✨,sheng,manual_collection,15/03/2026
Twende tufeel vibe mitaani 🎉,sheng,manual_collection,15/03/2026
Hio ni mbaya sana.,sheng,manual_collection,15/03/2026
Manze unajua.,sheng,manual_collection,15/03/2026
Hio ni story ya jaba.,sheng,manual_collection,15/03/2026
Unaniexpose vibaya.,sheng,manual_collection,15/03/2026
Hio gari ni moto sana.,sheng,manual_collection,15/03/2026
Unadoh kitu yoyote?,sheng,manual_collection,15/03/2026
Hio ni poa kabisa.,sheng,manual_collection,15/03/2026
Nimekua na ndoto mbaya.,sheng,manual_collection,15/03/2026
"Naskia poa, asko.",sheng,manual_collection,15/03/2026
Hio ndio mboka yetu.,sheng,manual_collection,15/03/2026
Umesota wapi?,sheng,manual_collection,15/03/2026
Unataka tuende wapi?,sheng,manual_collection,15/03/2026
Hio ni ya nini?,sheng,manual_collection,15/03/2026
Unajua naskia aje?,sheng,manual_collection,15/03/2026
Uko na plan gani?,sheng,manual_collection,15/03/2026
Hio ni lini?,sheng,manual_collection,15/03/2026
Unakuja ama?,sheng,manual_collection,15/03/2026
Umeona hio?,sheng,manual_collection,15/03/2026
Hio ni ya kweli?,sheng,manual_collection,15/03/2026
Unaelewa aje?,sheng,manual_collection,15/03/2026
Nimekula job leo.,sheng,manual_collection,15/03/2026
Tuko na mashibe.,sheng,manual_collection,15/03/2026
Boss ako na pressure.,sheng,manual_collection,15/03/2026
Nimechoka na kazi.,sheng,manual_collection,15/03/2026
Hio job ni heavy.,sheng,manual_collection,15/03/2026
Nasoma hard msee.,sheng,manual_collection,15/03/2026
Niko na exam kesho.,sheng,manual_collection,15/03/2026
Hio school ni poa.,sheng,manual_collection,15/03/2026
Prof ako kali.,sheng,manual_collection,15/03/2026
Nimegraduate last year.,sheng,manual_collection,15/03/2026
Twende club ionane.,sheng,manual_collection,15/03/2026
Hio party ilikuwa moto.,sheng,manual_collection,15/03/2026
Tumesota hadi asubuhi.,sheng,manual_collection,15/03/2026
Niko na hangover leo.,sheng,manual_collection,15/03/2026
Hio mboka ilikuwa poa.,sheng,manual_collection,15/03/2026
Twende tufeel vibe.,sheng,manual_collection,15/03/2026
Music ikiwa moto.,sheng,manual_collection,15/03/2026
Tumechill na maBRRR.,sheng,manual_collection,15/03/2026
Hio night ilikuwa heavy.,sheng,manual_collection,15/03/2026
Twende kesho tena.,sheng,manual_collection,15/03/2026
Sawa poa.,sheng,manual_collection,15/03/2026
Hio ni sawa.,sheng,manual_collection,15/03/2026
Nimeelewa.,sheng,manual_collection,15/03/2026
Tuko pamoja.,sheng,manual_collection,15/03/2026
Hio ndio hio.,sheng,manual_collection,15/03/2026
Asko poa.,sheng,manual_collection,15/03/2026
Niko sure.,sheng,manual_collection,15/03/2026
Hio ni hio.,sheng,manual_collection,15/03/2026
Tumelewana.,sheng,manual_collection,15/03/2026
"Poa, sawa.",sheng,manual_collection,15/03/2026
Uko kali tu.,sheng,manual_collection,15/03/2026
Uko heavy sana.,sheng,manual_collection,15/03/2026
Wako chill sana.,sheng,manual_collection,15/03/2026
Uko heavy kidogo.,sheng,manual_collection,15/03/2026
Niko sota kidogo.,sheng,manual_collection,15/03/2026
Yuko fresh sana.,sheng,manual_collection,15/03/2026
Yuko fresh saa hii.,sheng,manual_collection,15/03/2026
Msee chill hivi.,sheng,manual_collection,15/03/2026
Msee kali kabisa.,sheng,manual_collection,15/03/2026
Manze poa kabisa.,sheng,manual_collection,15/03/2026
Tuko fresh mtaani.,sheng,manual_collection,15/03/2026
Mko poa hivi.,sheng,manual_collection,15/03/2026
Manze poa kidogo.,sheng,manual_collection,15/03/2026
Tuko moto saa hii.,sheng,manual_collection,15/03/2026
Mko broke saa hii.,sheng,manual_collection,15/03/2026
Manze sota hivi.,sheng,manual_collection,15/03/2026
Uko poa mtaani.,sheng,manual_collection,15/03/2026
Msee fresh mtaani.,sheng,manual_collection,15/03/2026
Msee kali saa hii.,sheng,manual_collection,15/03/2026
Wako broke kweli.,sheng,manual_collection,15/03/2026
Manze sota tu.,sheng,manual_collection,15/03/2026
Uko fresh kweli.,sheng,manual_collection,15/03/2026
Uko moto kabisa.,sheng,manual_collection,15/03/2026
Msee sure kweli.,sheng,manual_collection,15/03/2026
Manze poa saa hii.,sheng,manual_collection,15/03/2026
Niko moto kabisa.,sheng,manual_collection,15/03/2026
Niko sure sana.,sheng,manual_collection,15/03/2026
Uko poa kidogo.,sheng,manual_collection,15/03/2026
Manze sure mtaani.,sheng,manual_collection,15/03/2026
Wako broke saa hii.,sheng,manual_collection,15/03/2026
Niko poa tu.,sheng,manual_collection,15/03/2026
Yuko chill tu.,sheng,manual_collection,15/03/2026
Manze fresh kweli.,sheng,manual_collection,15/03/2026
Tuko heavy kidogo.,sheng,manual_collection,15/03/2026
Niko fresh saa hii.,sheng,manual_collection,15/03/2026
Msee broke kweli.,sheng,manual_collection,15/03/2026
Wako broke kweli.,sheng,manual_collection,15/03/2026
Uko poa sana.,sheng,manual_collection,15/03/2026
Wako broke hivi.,sheng,manual_collection,15/03/2026
Mko chill kabisa.,sheng,manual_collection,15/03/2026
Msee poa sana.,sheng,manual_collection,15/03/2026
Yuko sure kabisa.,sheng,manual_collection,15/03/2026
Niko sure sana.,sheng,manual_collection,15/03/2026
Tuko broke hivi.,sheng,manual_collection,15/03/2026
Msee sota hivi.,sheng,manual_collection,15/03/2026
Tuko heavy sana.,sheng,manual_collection,15/03/2026
Niko sota kabisa.,sheng,manual_collection,15/03/2026
Uko chill hivi.,sheng,manual_collection,15/03/2026
Tuko heavy kabisa.,sheng,manual_collection,15/03/2026
Msee fresh saa hii.,sheng,manual_collection,15/03/2026
Mko moto saa hii.,sheng,manual_collection,15/03/2026
Niko fresh kweli.,sheng,manual_collection,15/03/2026
Manze poa kabisa.,sheng,manual_collection,15/03/2026
Yuko poa kabisa.,sheng,manual_collection,15/03/2026
Tuko chill kidogo.,sheng,manual_collection,15/03/2026
Msee sota kabisa.,sheng,manual_collection,15/03/2026
Niko sota sana.,sheng,manual_collection,15/03/2026
Msee sure sana.,sheng,manual_collection,15/03/2026
Wako chill kweli.,sheng,manual_collection,15/03/2026
Niko broke saa hii.,sheng,manual_collection,15/03/2026
Niko chill kabisa.,sheng,manual_collection,15/03/2026
Tuko sure tu.,sheng,manual_collection,15/03/2026
Uko moto tu.,sheng,manual_collection,15/03/2026
Manze heavy hivi.,sheng,manual_collection,15/03/2026
Uko fresh sana.,sheng,manual_collection,15/03/2026
Wako chill kabisa.,sheng,manual_collection,15/03/2026
Manze sota sana.,sheng,manual_collection,15/03/2026
Uko poa sana.,sheng,manual_collection,15/03/2026
Niko sure mtaani.,sheng,manual_collection,15/03/2026
Tuko broke tu.,sheng,manual_collection,15/03/2026
Msee poa kweli.,sheng,manual_collection,15/03/2026
Wako sota kabisa.,sheng,manual_collection,15/03/2026
Yuko poa tu.,sheng,manual_collection,15/03/2026
Uko fresh kidogo.,sheng,manual_collection,15/03/2026
Yuko moto tu.,sheng,manual_collection,15/03/2026
Yuko poa mtaani.,sheng,manual_collection,15/03/2026
Tuko sota mtaani.,sheng,manual_collection,15/03/2026
Wako fresh sana.,sheng,manual_collection,15/03/2026
Msee sota tu.,sheng,manual_collection,15/03/2026
Mko moto hivi.,sheng,manual_collection,15/03/2026
Wako sure kweli.,sheng,manual_collection,15/03/2026
Niko heavy hivi.,sheng,manual_collection,15/03/2026
Mko fresh kabisa.,sheng,manual_collection,15/03/2026
Niko heavy hivi.,sheng,manual_collection,15/03/2026
Wako kali kweli.,sheng,manual_collection,15/03/2026
Tuko fresh sana.,sheng,manual_collection,15/03/2026
Msee moto kabisa.,sheng,manual_collection,15/03/2026
Mko poa saa hii.,sheng,manual_collection,15/03/2026
Manze kali tu.,sheng,manual_collection,15/03/2026
Uko heavy saa hii.,sheng,manual_collection,15/03/2026
Tuko heavy saa hii.,sheng,manual_collection,15/03/2026
Manze chill mtaani.,sheng,manual_collection,15/03/2026
Mko broke kabisa.,sheng,manual_collection,15/03/2026
Wako sure mtaani.,sheng,manual_collection,15/03/2026
Mko kali kidogo.,sheng,manual_collection,15/03/2026
Msee broke hivi.,sheng,manual_collection,15/03/2026
Tuko moto hivi.,sheng,manual_collection,15/03/2026
Wako poa kweli.,sheng,manual_collection,15/03/2026
Tuko poa kabisa.,sheng,manual_collection,15/03/2026
Wako heavy kweli.,sheng,manual_collection,15/03/2026
Uko sure saa hii.,sheng,manual_collection,15/03/2026
Wako sure saa hii.,sheng,manual_collection,15/03/2026
Tuko fresh kabisa.,sheng,manual_collection,15/03/2026
Tuko broke kidogo.,sheng,manual_collection,15/03/2026
Msee sure tu.,sheng,manual_collection,15/03/2026
Yuko moto mtaani.,sheng,manual_collection,15/03/2026
Manze chill kabisa.,sheng,manual_collection,15/03/2026
Mko sure mtaani.,sheng,manual_collection,15/03/2026
Uko moto kweli.,sheng,manual_collection,15/03/2026
Manze kali kidogo.,sheng,manual_collection,15/03/2026
Msee kali saa hii.,sheng,manual_collection,15/03/2026
Msee broke sana.,sheng,manual_collection,15/03/2026
Msee poa kabisa.,sheng,manual_collection,15/03/2026
Mko chill tu.,sheng,manual_collection,15/03/2026
Wako kali saa hii.,sheng,manual_collection,15/03/2026
Mko heavy saa hii.,sheng,manual_collection,15/03/2026
Manze poa kweli.,sheng,manual_collection,15/03/2026
Mko poa tu.,sheng,manual_collection,15/03/2026
Manze moto sana.,sheng,manual_collection,15/03/2026
Niko poa hivi.,sheng,manual_collection,15/03/2026
Yuko fresh mtaani.,sheng,manual_collection,15/03/2026
Wako poa sana.,sheng,manual_collection,15/03/2026
Msee poa hivi.,sheng,manual_collection,15/03/2026
Wako moto kabisa.,sheng,manual_collection,15/03/2026
Yuko broke kabisa.,sheng,manual_collection,15/03/2026
Wako kali mtaani.,sheng,manual_collection,15/03/2026
Yuko moto kidogo.,sheng,manual_collection,15/03/2026
Yuko fresh mtaani.,sheng,manual_collection,15/03/2026
Tuko heavy kweli.,sheng,manual_collection,15/03/2026
Mko poa mtaani.,sheng,manual_collection,15/03/2026
Msee poa tu.,sheng,manual_collection,15/03/2026
Mko broke saa hii.,sheng,manual_collection,15/03/2026
Uko moto tu.,sheng,manual_collection,15/03/2026
Uko heavy hivi.,sheng,manual_collection,15/03/2026
Tuko broke hivi.,sheng,manual_collection,15/03/2026
Niko poa kidogo.,sheng,manual_collection,15/03/2026
Mko kali saa hii.,sheng,manual_collection,15/03/2026
Yuko broke saa hii.,sheng,manual_collection,15/03/2026
Niko sota kabisa.,sheng,manual_collection,15/03/2026
Uko broke kidogo.,sheng,manual_collection,15/03/2026
Yuko poa sana.,sheng,manual_collection,15/03/2026
Tuko chill kabisa.,sheng,manual_collection,15/03/2026
Manze fresh sana.,sheng,manual_collection,15/03/2026
Uko chill tu.,sheng,manual_collection,15/03/2026
Wako chill hivi.,sheng,manual_collection,15/03/2026
Manze chill kidogo.,sheng,manual_collection,15/03/2026
Tuko sure saa hii.,sheng,manual_collection,15/03/2026
Uko fresh kidogo.,sheng,manual_collection,15/03/2026
Wako moto sana.,sheng,manual_collection,15/03/2026
Yuko sota kidogo.,sheng,manual_collection,15/03/2026
